<?xml version="1.0" encoding="UTF-8"?>
<project-private xmlns="http://www.netbeans.org/ns/project-private/1">
    <editor-bookmarks xmlns="http://www.netbeans.org/ns/editor-bookmarks/2" lastBookmarkId="0"/>
    <open-files xmlns="http://www.netbeans.org/ns/projectui-open-files/2">
        <group>
            <file>file:/C:/Users/Shehab/Documents/NetBeansProjects/libraryClient/src/rmi/bookRemoteFacadeInterface.java</file>
            <file>file:/C:/Users/Shehab/Documents/NetBeansProjects/libraryClient/src/rmiclient/borrowbookgui.java</file>
            <file>file:/C:/Users/Shehab/Documents/NetBeansProjects/libraryClient/src/rmiclient/ViewAllBorrowedBooks.java</file>
            <file>file:/C:/Users/Shehab/Documents/NetBeansProjects/libraryClient/src/rmiclient/getBookInfo.java</file>
            <file>file:/C:/Users/Shehab/Documents/NetBeansProjects/libraryClient/src/rmiclient/bookRmiclient.java</file>
            <file>file:/C:/Users/Shehab/Documents/NetBeansProjects/libraryClient/src/rmiclient/extendBorrow.java</file>
            <file>file:/C:/Users/Shehab/Documents/NetBeansProjects/libraryClient/src/controller/FindBookContorller.java</file>
            <file>file:/C:/Users/Shehab/Documents/NetBeansProjects/libraryClient/src/rmiclient/bookMainWindow.java</file>
        </group>
    </open-files>
</project-private>
